{
  "env": {
    "timestamp_istanbul": "2026-02-28T15:06:10+03:00",
    "os": "Darwin 25.3.0",
    "machine": "arm64",
    "python": "3.14.3",
    "cpu": "Apple M1",
    "platform_id": "darwin-arm64",
    "git": {
      "sha": null,
      "branch": null,
      "dirty": false
    },
    "nova_version": "Nova Compiler v1.0.0"
  },
  "benchmarks": [
    {
      "bench_path": "benchmarks/unit_bench_working.zn",
      "runs": 3,
      "warmup": 1,
      "trim_percentiles": [
        5.0,
        95.0
      ],
      "bootstrap_seed": 42,
      "timing": {
        "real": {
          "mean": 0.07333333333333335,
          "median": 0.07,
          "stdev": 0.004714045207910315,
          "min": 0.07,
          "max": 0.08,
          "cv_pct": 6.428243465332247,
          "p5": 0.07000000000000002,
          "p95": 0.079,
          "ci_lower": null,
          "ci_upper": null
        },
        "user": {
          "mean": 0.04,
          "median": 0.04,
          "stdev": 0.0,
          "min": 0.04,
          "max": 0.04,
          "cv_pct": 0.0,
          "p5": 0.04000000000000001,
          "p95": 0.04,
          "ci_lower": null,
          "ci_upper": null
        },
        "sys": {
          "mean": 0.023333333333333334,
          "median": 0.02,
          "stdev": 0.004714045207910316,
          "min": 0.02,
          "max": 0.03,
          "cv_pct": 20.203050891044207,
          "p5": 0.020000000000000004,
          "p95": 0.028999999999999998,
          "ci_lower": null,
          "ci_upper": null
        }
      },
      "regression_vs_baseline_pct": 0.0
    }
  ]
}