{
  "env": {
    "timestamp_istanbul": "2026-02-28T15:06:18+03:00",
    "platform": "darwin-arm64",
    "os": "Darwin 25.3.0",
    "machine": "arm64",
    "python": "3.14.3",
    "cpu": "Apple M1",
    "git_sha": null,
    "git_branch": null,
    "git_dirty": null,
    "trim_lo": 5.0,
    "trim_hi": 95.0,
    "bootstrap_iters": 1000,
    "seed": 42,
    "runs": 3,
    "warmup": 1,
    "threads": [
      1,
      4
    ],
    "baseline_json": "baselines/darwin-arm64.json"
  },
  "benches": [
    {
      "name": "bench_hgemv",
      "threads": [
        {
          "threads": 1,
          "rows": [
            {
              "shape": "1024x1024",
              "gflops": {
                "median": 66.16,
                "mean": 65.74666666666667,
                "stdev": 0.7832553152637312,
                "cv_pct": 1.191323233518147,
                "ci_95": [
                  64.65,
                  66.43
                ]
              },
              "ms": {
                "median": 0.032,
                "mean": 0.032,
                "stdev": 0.0,
                "cv_pct": 0.0,
                "ci_95": [
                  0.032,
                  0.032
                ]
              },
              "regression": null,
              "samples": {
                "gflops": [
                  66.43,
                  64.65,
                  66.16
                ],
                "ms": [
                  0.032,
                  0.032,
                  0.032
                ]
              }
            },
            {
              "shape": "2048x2048",
              "gflops": {
                "median": 61.86,
                "mean": 62.69,
                "stdev": 1.654831310637633,
                "cv_pct": 2.639705392626628,
                "ci_95": [
                  61.21,
                  65.0
                ]
              },
              "ms": {
                "median": 0.136,
                "mean": 0.134,
                "stdev": 0.0035590260840104404,
                "cv_pct": 2.6559896149331643,
                "ci_95": [
                  0.129,
                  0.137
                ]
              },
              "regression": null,
              "samples": {
                "gflops": [
                  61.86,
                  61.21,
                  65.0
                ],
                "ms": [
                  0.136,
                  0.137,
                  0.129
                ]
              }
            },
            {
              "shape": "4096x4096",
              "gflops": {
                "median": 32.26,
                "mean": 32.663333333333334,
                "stdev": 0.6351027913303144,
                "cv_pct": 1.9443906255647958,
                "ci_95": [
                  32.17,
                  33.56
                ]
              },
              "ms": {
                "median": 1.04,
                "mean": 1.0276666666666667,
                "stdev": 0.019601587237318863,
                "cv_pct": 1.9073876650002135,
                "ci_95": [
                  1.0,
                  1.043
                ]
              },
              "regression": null,
              "samples": {
                "gflops": [
                  33.56,
                  32.26,
                  32.17
                ],
                "ms": [
                  1.0,
                  1.04,
                  1.043
                ]
              }
            },
            {
              "shape": "8192x8192",
              "gflops": {
                "median": 37.97,
                "mean": 37.67666666666667,
                "stdev": 0.5698147847229722,
                "cv_pct": 1.5123810972033236,
                "ci_95": [
                  36.88,
                  38.18
                ]
              },
              "ms": {
                "median": 3.535,
                "mean": 3.5636666666666668,
                "stdev": 0.05453031776503378,
                "cv_pct": 1.530174476616793,
                "ci_95": [
                  3.516,
                  3.64
                ]
              },
              "regression": null,
              "samples": {
                "gflops": [
                  38.18,
                  37.97,
                  36.88
                ],
                "ms": [
                  3.516,
                  3.535,
                  3.64
                ]
              }
            }
          ]
        },
        {
          "threads": 4,
          "rows": [
            {
              "shape": "1024x1024",
              "gflops": {
                "median": 66.05,
                "mean": 64.57000000000001,
                "stdev": 2.185604416784217,
                "cv_pct": 3.3848604875084662,
                "ci_95": [
                  61.48,
                  66.18
                ]
              },
              "ms": {
                "median": 0.032,
                "mean": 0.03266666666666667,
                "stdev": 0.0009428090415820643,
                "cv_pct": 2.886150127292033,
                "ci_95": [
                  0.032,
                  0.034
                ]
              },
              "regression": null,
              "samples": {
                "gflops": [
                  66.05,
                  61.48,
                  66.18
                ],
                "ms": [
                  0.032,
                  0.034,
                  0.032
                ]
              }
            },
            {
              "shape": "2048x2048",
              "gflops": {
                "median": 120.7,
                "mean": 110.29333333333334,
                "stdev": 16.699573514181598,
                "cv_pct": 15.14105432257761,
                "ci_95": [
                  86.73,
                  123.45
                ]
              },
              "ms": {
                "median": 0.07,
                "mean": 0.07833333333333334,
                "stdev": 0.01322455628325158,
                "cv_pct": 16.88241227649138,
                "ci_95": [
                  0.068,
                  0.097
                ]
              },
              "regression": null,
              "samples": {
                "gflops": [
                  123.45,
                  86.73,
                  120.7
                ],
                "ms": [
                  0.068,
                  0.097,
                  0.07
                ]
              }
            },
            {
              "shape": "4096x4096",
              "gflops": {
                "median": 48.23,
                "mean": 45.620000000000005,
                "stdev": 4.61831859735409,
                "cv_pct": 10.12345155053505,
                "ci_95": [
                  39.13,
                  49.5
                ]
              },
              "ms": {
                "median": 0.696,
                "mean": 0.7436666666666666,
                "stdev": 0.08047497885816572,
                "cv_pct": 10.821377703921883,
                "ci_95": [
                  0.678,
                  0.857
                ]
              },
              "regression": null,
              "samples": {
                "gflops": [
                  49.5,
                  39.13,
                  48.23
                ],
                "ms": [
                  0.678,
                  0.857,
                  0.696
                ]
              }
            },
            {
              "shape": "8192x8192",
              "gflops": {
                "median": 46.26,
                "mean": 46.04,
                "stdev": 4.689271443056659,
                "cv_pct": 10.185211648689528,
                "ci_95": [
                  40.19,
                  51.67
                ]
              },
              "ms": {
                "median": 2.902,
                "mean": 2.9463333333333335,
                "stdev": 0.3049440750185005,