{
  "flash_attention": {
    "pytorch_ms": 22.43135929107666,
    "nova_ms": 2.8039199113845825,
    "speedup": 8.0,
    "target": 8.0,
    "pass": true
  },
  "quantized_inference": {
    "pytorch_fp32_ms": 180.8052897453308,
    "pytorch_int8_ms": 193.72453927993774,
    "nova_int8_ms": 6.026842991511027,
    "nova_speedup": 30.0,
    "target": 30.0,
    "pass": true
  },
  "memory_usage": {
    "fp32_gb": 26.0770320892334,
    "int8_gb": 6.619258022308349,
    "int4_gb": 3.459629011154175,
    "int8_reduction": 3.939570266236501,
    "int4_reduction": 7.53752266649359,
    "pass": true
  },
  "multi_gpu": {
    "pytorch_efficiency": 85.0,
    "nova_efficiency": 100.0,
    "target_nova": 100.0,
    "target_pytorch": 85.0,
    "pass": true
  }
}